intent,attentionphrase,entityname1,entityname2,class
Delivery,Y,eCommerceApp,DeliveryType,Transfer
Finance,Y,None,None,FollowUp
Delivery,N,None,None,FollowUp
Delivery,N,eCommerceApp,None,FollowUp
Enquiry,N,FinancialInstitutions,None,FollowUp
Enquiry,N,TravelPartner,None,FollowUp
Enquiry,N,eCommerceApp,None,FollowUp
Enquiry,N,Callee,None,FollowUp
Enquiry,N,Caller,None,FollowUp
Booking,N,TravelPartner,None,FollowUp
Booking,Y,TravelPartner,None,Transfer
Booking,Y,Caller,TravelPartner,Transfer
Booking,Y,Location,TravelPartner,Transfer
Booking,Y,Caller,TravelPartner,Transfer
Promotions,Y,eCommerceApp,None,FollowUp
Promotions,N,eCommerceApp,None,FollowUp
Promotions,Y,TravelPartner,FestivalName,FollowUp
Promotions,N,TravelPartner,FestivalName,FollowUp
Promotions,Y,FestivalName,eCommerceApp,FollowUp
Promotions,N,FestivalName,eCommerceApp,FollowUp
RealEstate,N,Location,None,FollowUp
RealEstate,Y,None,None,FollowUp
RealEstate,N,PropertyType,None,FollowUp
RealEstate,N,PropertyType,PropertySeller,FollowUp
RealEstate,Y,PropertyType,PropertySeller,FollowUp
RealEstate,Y,PropertySeller,None,FollowUp
RealEstate,Y,Location,None,FollowUp
RealEstate,N,Location,None,FollowUp
RealEstate,N,Location,PropertySeller,FollowUp
RealEstate,Y,PropertyType,None,FollowUp
RealEstate,N,PropertySeller,Location,FollowUp
Delivery,N,eCommerceApp,DeliveryType,Transfer
Delivery,Y,eCommerceApp,DeliveryType,Transfer
Delivery,N,DeliveryType,None,FollowUp
Delivery,Y,eCommerceApp,None,Transfer
Delivery,Y,None,DeliveryType,Transfer
Finance,N,None,FinanceEntity,FollowUp
Finance,N,FinanceEntity,None,FollowUp
Finance,Y,FinanceInstitutions,FinanceEntity,FollowUp
Finance,Y,FinanceInstitutions,None,FollowUp
Finance,N,FinanceInstitutions,None,FollowUp
Finance,Y,FinanceInstitutions,LoanType,FollowUp
Finance,Y,LoanType,FinanceEntity,FollowUp
Finance,N,LoanType,FinanceEntity,FollowUp
Finance,Y,FinanceEntity,FinanceInstitutions,FollowUp
Finance,N,FinanceEntity,FinanceInstitutions,FollowUp
Finance,N,FinanceInstitutions,FinanceEntity,FollowUp
Finance,N,LoanType,None,FollowUp
UserAttention,Y,TravelPartner,None,Transfer
UserAttention,N,None,TravelPartner,FollowUp
Emergency,Y,EduTech_Name,None,Transfer
Emergency,Y,TravelPartner,None,Transfer
Emergency,N,EduTech_Name,None,Transfer
Emergency,N,None,None,FollowUp
Emergency,N,None,FinanceInstitutions,Transfer
Enquiry,N,None,None,FollowUp
Enquiry,N,FinanceInstitutions,Caller,FollowUp
Enquiry,N,FinanceInstitutions,Callee,FollowUp
Enquiry,N,Callee,None,FollowUp
Enquiry,N,Business,None,FollowUp
Booking,N,TravelPartner,Location,Transfer
Finance,N,None,None,FollowUp
Finance,N,FinanceInstitutions,LoanType,FollowUp
Finance,N,FinanceInstitutions,None,FollowUp
Enquiry,Y,None,None,FollowUp
Promotions,N,Business,Business,FollowUp
Promotions,N,Business,None,FollowUp
Promotions,Y,Business,Business,FollowUp
Promotions,Y,Business,None,FollowUp
Delivery,N,DeliveryType,eCommerceApp,Transfer
RealEstate,N,PropertySeller,PropertyType,FollowUp
RealEstate,N,PropertyType,Location,FollowUp
RealEstate,N,PropertyType,PropertyType,FollowUp
Enquiry,N,Hospitals,None,FollowUp
Enquiry,N,None,Hospitals,FollowUp
Emergency,N,Hospitals,None,Transfer
Emergency,N,None,Hospitals,Transfer
Booking,Y,Hotels,Location,Transfer
Booking,Y,Location,Hotels,Transfer
Booking,N,Hotels,Location,FollowUp
Booking,N,Location,Hotels,FollowUp
Enquiry,N,ISPs,None,FollowUp
Enquiry,N,None,ISPs,FollowUp
Emergency,Y,None,EduTech_Name,Transfer
Emergency,N,None,EduTech_Name,Transfer
Booking,Y,Domain_Specialist,None,Transfer
Booking,N,Domain_Specialist,None,Transfer
Booking,Y,None,Domain_Specialist,Transfer
Booking,N,None,Domain_Specialist,Transfer
Emergency,N,ContactNumber,None,Transfer
Emergency,N,None,ContactNumber,Transfer
Emergency,N,FinanceInstitutions,None,Transfer
Emergency,Y,None,TravelPartner,Transfer